<?xml version="1.0" encoding="ISO-8859-1"?>
<!DOCTYPE ArticleSet PUBLIC "-//NLM//DTD PubMed//EN" "PubMed.dtd">
<ArticleSet>
<Article>
<Journal>
<PublisherName>Biochemistry and Cell Biology</PublisherName>
<JournalTitle>Biochemistry and Cell Biology</JournalTitle>
<Issn>0829-8211</Issn>
</Journal>
<Replaces/>
<ArticleTitle>The apelin receptor: Physiology, pathology, cell signalling, and ligand modulation of a peptide-activated class A GPCR.</ArticleTitle>
<VernacularTitle/>
<AuthorList>
<Author>
<FirstName>Nigel</FirstName>
<MiddleName>A.</MiddleName>
<LastName>Chapman</LastName>
<Suffix/>
<Affiliation>Dalhousie University</Affiliation>
</Author>
<Author>
<FirstName>Denis</FirstName>
<MiddleName>J.</MiddleName>
<LastName>Dupr�</LastName>
<Suffix/>
<Affiliation>Dalhousie University</Affiliation>
</Author>
<Author>
<FirstName>Jan</FirstName>
<MiddleName>K</MiddleName>
<LastName>Rainey</LastName>
<Suffix/>
<Affiliation>Dalhousie University</Affiliation>
</Author>
</AuthorList>
<PublicationType>Mini Review</PublicationType>
<ArticleIdList>
<ArticleId IdType="doi">10.1139/bcb-2014-0072</ArticleId>
</ArticleIdList>
<History>
<PubDate PubStatus="received">
<Year>2014</Year>
<Month>05</Month>
<Day>28</Day>203922(GMT-05:00) Eastern Time (US &amp; Canada)</PubDate>
<PubDate PubStatus="revised">
<Year>2014</Year>
<Month>08</Month>
<Day>07</Day>161547(GMT-05:00) Eastern Time (US &amp; Canada)</PubDate>
<PubDate PubStatus="accepted">
<Year>2014</Year>
<Month>08</Month>
<Day>17</Day>171254(GMT-05:00) Eastern Time (US &amp; Canada)</PubDate>
</History>
<FullTextURL/>
<Abstract>The apelin receptor (AR or APJ) is a class A (rhodopsin-like) G-protein coupled receptor (GPCR) with wide distribution throughout the human body. Activation of the AR by its cognate peptide ligand, apelin, induces diverse physiological effects including vasoconstriction and dilation; strengthening of heart muscle contractility; angiogenesis; and, regulation of energy metabolism and fluid homeostasis. Recently, another endogenous peptidice activator of the AR, Toddler/ELABELA, was identified as having a crucial role in zebrafish embryonic development. The AR is also implicated in pathologies including cardiovascular disease, diabetes, obesity and cancer, making it a promising therapeutic target. Despite its established importance, the precise roles of AR signalling remain poorly understood. Moreover, little is known about mechanisms of peptide-AR activation. Additional complexity arises from modulation of the AR by two endogenous peptide ligands, both with multiple bioactive isoforms of variable length and distribution. The various apelin and Toddler/ELABELA isoforms may also produce distinct cellular effects.  Further complexity arises through formation of functionally distinct heterodimers between the AR and other GPCRs. This minireview outlines key (patho)physiological actions of the AR, addresses what is known about signal transduction downstream of AR activation, and concludes by discussing unique properties of the endogenous peptidic ligands of the AR. </Abstract>
</Article>
</ArticleSet>
