<?xml version="1.0" encoding="ISO-8859-1"?>
<!DOCTYPE ArticleSet PUBLIC "-//NLM//DTD PubMed//EN" "PubMed.dtd">
<ArticleSet>
<Article>
<Journal>
<PublisherName>Canadian Geotechnical Journal</PublisherName>
<JournalTitle>Canadian Geotechnical Journal</JournalTitle>
<Issn>0008-3674</Issn>
</Journal>
<Replaces/>
<ArticleTitle>Assessment of the optimum width and longevity of a Permeable Reactive Barrier installed in an acid sulfate soil terrain</ArticleTitle>
<VernacularTitle/>
<AuthorList>
<Author>
<FirstName>Udeshini</FirstName>
<MiddleName/>
<LastName>Pathirage</LastName>
<Suffix/>
<Affiliation>University of Wollongong,</Affiliation>
</Author>
<Author>
<FirstName>Buddhima</FirstName>
<MiddleName/>
<LastName>Indraratna</LastName>
<Suffix/>
<Affiliation>University of Wollongong</Affiliation>
</Author>
</AuthorList>
<PublicationType>Note</PublicationType>
<ArticleIdList>
<ArticleId IdType="doi">10.1139/cgj-2014-0310</ArticleId>
</ArticleIdList>
<History>
<PubDate PubStatus="received">
<Year>2014</Year>
<Month>07</Month>
<Day>31</Day>011430(GMT-05:00) Eastern Time (US &amp; Canada)</PubDate>
<PubDate PubStatus="revised">
<Year>2014</Year>
<Month>10</Month>
<Day>15</Day>042822(GMT-05:00) Eastern Time (US &amp; Canada)</PubDate>
<PubDate PubStatus="accepted">
<Year>2014</Year>
<Month>10</Month>
<Day>30</Day>122546(GMT-05:00) Eastern Time (US &amp; Canada)</PubDate>
</History>
<FullTextURL/>
<Abstract>Removal of contaminants from groundwater using permeable reactive barriers (PRB) is a cost-effective and popular engineering solution worldwide. Dissolved pollutants in groundwater are removed through geochemical processes which make PRBs effective for different types of contaminants. In achieving this, it is vital to determine the optimum width of the PRB to allow adequate residence time within the barrier and to establish its longevity. For this purpose, both field monitoring and geochemical modelling were conducted for a trial PRB located in the Shoalhaven Floodplain, South of Wollongong city in Australia. In this study, the optimum PRB width is evaluated numerically, based on the neutralisation effectiveness, i.e. when acidic groundwater travels through the alkaline PRB. A model developed earlier by the Authors has been extended considering the residence time, reaction kinetics, mineral precipitation induced reduction in porosity and hydraulic conductivity, the influent concentrations of the contaminants, and the groundwater flow velocity. The longevity of the PRB is determined with respect to the groundwater flow rates and the amount of reactive material consumed.</Abstract>
</Article>
</ArticleSet>
